選挙区,市区町村,2017年当選者,2017年投票率,2021年当選者,2021年投票率,2024年当選者,2024年投票率,2024年政党,世襲減点,不祥事減点,次回要注意,当選後発覚,10年総合スコア
北海道 1区,札幌市中央区、南区など,2017年当選者,56.5,2021年当選者,54.6,2024年当選者,53.9,政党名,0,0,-,-,95.0
北海道 2区,市区町村を入力,2017年当選者,59.6,2021年当選者,54.3,2024年当選者,51.3,政党名,0,0,-,-,95.1
北海道 3区,市区町村を入力,2017年当選者,59.7,2021年当選者,57.3,2024年当選者,50.6,政党名,0,0,-,-,95.9
北海道 4区,市区町村を入力,2017年当選者,56.6,2021年当選者,53.6,2024年当選者,50.6,政党名,0,0,-,-,93.6
北海道 5区,市区町村を入力,2017年当選者,55.7,2021年当選者,49.3,2024年当選者,46.8,政党名,0,0,-,-,90.6
北海道 6区,市区町村を入力,2017年当選者,53.3,2021年当選者,52.0,2024年当選者,52.9,政党名,0,0,-,-,92.7
北海道 7区,市区町村を入力,2017年当選者,52.3,2021年当選者,50.8,2024年当選者,56.4,政党名,0,0,-,-,93.2
北海道 8区,市区町村を入力,2017年当選者,54.3,2021年当選者,55.2,2024年当選者,47.7,政党名,0,0,-,-,92.4
北海道 9区,市区町村を入力,2017年当選者,53.4,2021年当選者,55.3,2024年当選者,48.5,政党名,0,0,-,-,92.4
北海道 10区,市区町村を入力,2017年当選者,56.1,2021年当選者,53.2,2024年当選者,51.1,政党名,0,0,-,-,93.5
北海道 11区,市区町村を入力,2017年当選者,53.2,2021年当選者,60.6,2024年当選者,52.0,政党名,0,0,-,-,95.1
北海道 12区,市区町村を入力,2017年当選者,51.8,2021年当選者,57.5,2024年当選者,48.3,政党名,0,0,-,-,92.5
青森県 1区,青森市など,2017年当選者,55.6,2021年当選者,49.1,2024年当選者,48.0,政党名,0,0,-,-,90.9
青森県 2区,市区町村を入力,2017年当選者,55.6,2021年当選者,57.2,2024年当選者,52.5,政党名,0,0,-,-,95.1
青森県 3区,市区町村を入力,2017年当選者,54.7,2021年当選者,54.1,2024年当選者,47.6,政党名,0,0,-,-,92.1
岩手県 1区,盛岡市など,2017年当選者,52.8,2021年当選者,53.6,2024年当選者,55.2,政党名,0,0,-,-,93.9
岩手県 2区,市区町村を入力,2017年当選者,56.0,2021年当選者,49.7,2024年当選者,53.0,政党名,0,0,-,-,92.9
岩手県 3区,市区町村を入力,2017年当選者,53.8,2021年当選者,53.0,2024年当選者,53.8,政党名,0,0,-,-,93.5
宮城県 1区,仙台市青葉区など,2017年当選者,58.1,2021年当選者,57.8,2024年当選者,49.5,政党名,0,0,-,-,95.1
宮城県 2区,市区町村を入力,2017年当選者,54.1,2021年当選者,56.0,2024年当選者,54.9,政党名,0,0,-,-,95.0
宮城県 3区,市区町村を入力,2017年当選者,53.6,2021年当選者,54.4,2024年当選者,48.7,政党名,0,0,-,-,92.2
宮城県 4区,市区町村を入力,2017年当選者,51.4,2021年当選者,57.4,2024年当選者,56.1,政党名,0,0,-,-,95.0
宮城県 5区,市区町村を入力,2017年当選者,54.8,2021年当選者,58.0,2024年当選者,53.1,政党名,0,0,-,-,95.3
秋田県 1区,秋田市など,2017年当選者,53.1,2021年当選者,56.1,2024年当選者,56.6,政党名,0,0,-,-,95.3
秋田県 2区,秋田県北部など,緑川貴士,61.5,緑川貴士,62.0,緑川貴士,60.5,立憲民主党,0,0,-,-,100.0
秋田県 3区,市区町村を入力,2017年当選者,54.9,2021年当選者,59.7,2024年当選者,44.1,政党名,0,0,-,-,92.9
山形県 1区,山形市、上山市など,遠藤利明,62.1,遠藤利明,63.5,遠藤利明,60.1,自由民主党,0,0,-,-,100.0
山形県 2区,市区町村を入力,2017年当選者,57.5,2021年当選者,55.3,2024年当選者,51.1,政党名,0,0,-,-,94.6
山形県 3区,市区町村を入力,2017年当選者,55.3,2021年当選者,49.0,2024年当選者,51.3,政党名,0,0,-,-,91.9
福島県 1区,福島市など,2017年当選者,56.1,2021年当選者,59.4,2024年当選者,50.4,政党名,0,0,-,-,95.3
福島県 2区,市区町村を入力,2017年当選者,52.6,2021年当選者,53.5,2024年当選者,54.7,政党名,0,0,-,-,93.6
福島県 3区,市区町村を入力,2017年当選者,56.0,2021年当選者,53.4,2024年当選者,53.5,政党名,0,0,-,-,94.3
福島県 4区,市区町村を入力,2017年当選者,55.3,2021年当選者,57.9,2024年当選者,49.9,政党名,0,0,-,-,94.4
茨城県 1区,市区町村を入力,2017年当選者,47.8,2021年当選者,54.0,2024年当選者,53.5,政党名,0,0,-,-,91.8
茨城県 2区,市区町村を入力,2017年当選者,54.0,2021年当選者,56.0,2024年当選者,51.5,政党名,0,0,-,-,93.8
茨城県 3区,市区町村を入力,2017年当選者,53.5,2021年当選者,51.5,2024年当選者,49.3,政党名,0,0,-,-,91.4
茨城県 4区,市区町村を入力,2017年当選者,52.2,2021年当選者,50.8,2024年当選者,48.0,政党名,0,0,-,-,90.3
茨城県 5区,市区町村を入力,2017年当選者,55.9,2021年当選者,53.8,2024年当選者,49.4,政党名,0,0,-,-,93.0
茨城県 6区,市区町村を入力,2017年当選者,54.5,2021年当選者,52.7,2024年当選者,53.8,政党名,0,0,-,-,93.7
茨城県 7区,市区町村を入力,2017年当選者,53.7,2021年当選者,55.4,2024年当選者,46.5,政党名,0,0,-,-,91.9
栃木県 1区,市区町村を入力,2017年当選者,50.1,2021年当選者,54.6,2024年当選者,49.5,政党名,0,0,-,-,91.4
栃木県 2区,市区町村を入力,2017年当選者,50.4,2021年当選者,52.9,2024年当選者,48.6,政党名,0,0,-,-,90.6
栃木県 3区,市区町村を入力,2017年当選者,49.8,2021年当選者,54.0,2024年当選者,49.2,政党名,0,0,-,-,91.0
栃木県 4区,市区町村を入力,2017年当選者,51.6,2021年当選者,54.7,2024年当選者,49.6,政党名,0,0,-,-,92.0
栃木県 5区,市区町村を入力,2017年当選者,51.9,2021年当選者,50.0,2024年当選者,46.4,政党名,0,0,-,-,89.4
群馬県 1区,市区町村を入力,2017年当選者,54.0,2021年当選者,54.4,2024年当選者,49.7,政党名,0,0,-,-,92.7
群馬県 2区,市区町村を入力,2017年当選者,56.6,2021年当選者,54.7,2024年当選者,47.8,政党名,0,0,-,-,93.0
群馬県 3区,市区町村を入力,2017年当選者,50.9,2021年当選者,51.3,2024年当選者,54.2,政党名,0,0,-,-,92.1
群馬県 4区,高崎市、藤岡市など,福田達夫,50.2,福田達夫,49.1,福田達夫,48.0,自由民主党,-15,0,-,-,70.8
群馬県 5区,市区町村を入力,2017年当選者,56.7,2021年当選者,55.0,2024年当選者,46.3,政党名,0,0,-,-,92.7
埼玉県 1区,市区町村を入力,2017年当選者,53.4,2021年当選者,56.7,2024年当選者,51.8,政党名,0,0,-,-,94.0
埼玉県 2区,市区町村を入力,2017年当選者,52.1,2021年当選者,56.1,2024年当選者,54.4,政党名,0,0,-,-,94.2
埼玉県 3区,市区町村を入力,2017年当選者,49.8,2021年当選者,56.1,2024年当選者,47.2,政党名,0,0,-,-,91.0
埼玉県 4区,市区町村を入力,2017年当選者,51.3,2021年当選者,53.6,2024年当選者,52.3,政党名,0,0,-,-,92.4
埼玉県 5区,市区町村を入力,2017年当選者,56.3,2021年当選者,49.7,2024年当選者,48.7,政党名,0,0,-,-,91.6
埼玉県 6区,市区町村を入力,2017年当選者,54.0,2021年当選者,51.6,2024年当選者,50.4,政党名,0,0,-,-,92.0
埼玉県 7区,市区町村を入力,2017年当選者,52.9,2021年当選者,53.9,2024年当選者,48.1,政党名,0,0,-,-,91.6
埼玉県 8区,市区町村を入力,2017年当選者,54.0,2021年当選者,54.0,2024年当選者,49.8,政党名,0,0,-,-,92.6
埼玉県 9区,市区町村を入力,2017年当選者,49.6,2021年当選者,52.8,2024年当選者,52.8,政党名,0,0,-,-,91.7
埼玉県 10区,市区町村を入力,2017年当選者,49.6,2021年当選者,52.5,2024年当選者,54.9,政党名,0,0,-,-,92.3
埼玉県 11区,市区町村を入力,2017年当選者,51.1,2021年当選者,56.1,2024年当選者,47.7,政党名,0,0,-,-,91.6
埼玉県 12区,市区町村を入力,2017年当選者,48.8,2021年当選者,49.1,2024年当選者,49.0,政党名,0,0,-,-,89.0
埼玉県 13区,市区町村を入力,2017年当選者,53.9,2021年当選者,49.9,2024年当選者,48.9,政党名,0,0,-,-,90.9
埼玉県 14区,市区町村を入力,2017年当選者,48.9,2021年当選者,49.3,2024年当選者,52.8,政党名,0,0,-,-,90.3
埼玉県 15区,市区町村を入力,2017年当選者,53.4,2021年当選者,54.4,2024年当選者,50.9,政党名,0,0,-,-,92.9
埼玉県 16区,市区町村を入力,2017年当選者,56.5,2021年当選者,49.7,2024年当選者,45.8,政党名,0,0,-,-,90.7
千葉県 1区,市区町村を入力,2017年当選者,53.4,2021年当選者,49.4,2024年当選者,52.4,政党名,0,0,-,-,91.7
千葉県 2区,市区町村を入力,2017年当選者,51.6,2021年当選者,54.0,2024年当選者,49.1,政党名,0,0,-,-,91.6
千葉県 3区,市区町村を入力,2017年当選者,53.1,2021年当選者,57.1,2024年当選者,49.4,政党名,0,0,-,-,93.2
千葉県 4区,市区町村を入力,2017年当選者,50.7,2021年当選者,51.9,2024年当選者,47.7,政党名,0,0,-,-,90.1
千葉県 5区,市区町村を入力,2017年当選者,49.3,2021年当選者,54.2,2024年当選者,51.6,政党名,0,0,-,-,91.7
千葉県 6区,市区町村を入力,2017年当選者,52.5,2021年当選者,52.8,2024年当選者,45.9,政党名,0,0,-,-,90.4
千葉県 7区,市区町村を入力,2017年当選者,52.8,2021年当選者,49.9,2024年当選者,49.8,政党名,0,0,-,-,90.8
千葉県 8区,市区町村を入力,2017年当選者,48.0,2021年当選者,53.6,2024年当選者,50.0,政党名,0,0,-,-,90.5
千葉県 9区,千葉市若葉区、佐倉市など,秋本真利,52.1,奥野総一郎,49.6,奥野総一郎,48.4,立憲民主党,0,-100,-,秋本真利(2023年逮捕),-10.0
千葉県 10区,市区町村を入力,2017年当選者,51.3,2021年当選者,52.6,2024年当選者,51.7,政党名,0,0,-,-,91.9
千葉県 11区,市区町村を入力,2017年当選者,49.9,2021年当選者,52.9,2024年当選者,53.2,政党名,0,0,-,-,92.0
千葉県 12区,市区町村を入力,2017年当選者,52.4,2021年当選者,55.0,2024年当選者,51.2,政党名,0,0,-,-,92.9
千葉県 13区,市区町村を入力,2017年当選者,50.4,2021年当選者,53.2,2024年当選者,50.1,政党名,0,0,-,-,91.2
千葉県 14区,市区町村を入力,2017年当選者,52.1,2021年当選者,55.2,2024年当選者,51.8,政党名,0,0,-,-,93.0
東京都 1区,市区町村を入力,2017年当選者,53.1,2021年当選者,54.8,2024年当選者,48.5,政党名,0,0,-,-,92.1
東京都 2区,市区町村を入力,2017年当選者,51.1,2021年当選者,53.9,2024年当選者,49.7,政党名,0,0,-,-,91.6
東京都 3区,市区町村を入力,2017年当選者,48.3,2021年当選者,49.9,2024年当選者,48.8,政党名,0,0,-,-,89.0
東京都 4区,市区町村を入力,2017年当選者,55.4,2021年当選者,54.1,2024年当選者,50.3,政党名,0,0,-,-,93.3
東京都 5区,市区町村を入力,2017年当選者,56.5,2021年当選者,54.9,2024年当選者,48.9,政党名,0,0,-,-,93.4
東京都 6区,市区町村を入力,2017年当選者,56.1,2021年当選者,52.8,2024年当選者,47.4,政党名,0,0,-,-,92.1
東京都 7区,市区町村を入力,2017年当選者,56.1,2021年当選者,57.0,2024年当選者,53.3,政党名,0,0,-,-,95.5
東京都 8区,市区町村を入力,2017年当選者,51.8,2021年当選者,49.8,2024年当選者,52.2,政党名,0,0,-,-,91.3
東京都 9区,市区町村を入力,2017年当選者,50.8,2021年当選者,54.2,2024年当選者,49.6,政党名,0,0,-,-,91.5
東京都 10区,市区町村を入力,2017年当選者,50.7,2021年当選者,52.8,2024年当選者,51.6,政党名,0,0,-,-,91.7
東京都 11区,板橋区,下村博文,55.1,下村博文,56.2,阿久津幸彦,58.1,立憲民主党,0,0,-,下村博文(裏金問題),96.5
東京都 12区,市区町村を入力,2017年当選者,56.9,2021年当選者,53.4,2024年当選者,47.0,政党名,0,0,-,-,92.4
東京都 13区,市区町村を入力,2017年当選者,51.1,2021年当選者,54.8,2024年当選者,53.6,政党名,0,0,-,-,93.2
東京都 14区,市区町村を入力,2017年当選者,52.6,2021年当選者,48.6,2024年当選者,49.8,政党名,0,0,-,-,90.3
東京都 15区,市区町村を入力,2017年当選者,52.7,2021年当選者,56.1,2024年当選者,53.5,政党名,0,0,-,-,94.1
東京都 16区,市区町村を入力,2017年当選者,53.1,2021年当選者,55.3,2024年当選者,46.1,政党名,0,0,-,-,91.5
東京都 17区,葛飾区など,平沢勝栄,53.0,平沢勝栄,54.5,平沢勝栄,53.5,無所属,0,-30,平沢勝栄,-,63.7
東京都 18区,市区町村を入力,2017年当選者,52.4,2021年当選者,53.9,2024年当選者,54.2,政党名,0,0,-,-,93.5
東京都 19区,市区町村を入力,2017年当選者,52.9,2021年当選者,51.2,2024年当選者,49.2,政党名,0,0,-,-,91.1
東京都 20区,市区町村を入力,2017年当選者,54.8,2021年当選者,54.6,2024年当選者,46.1,政党名,0,0,-,-,91.8
東京都 21区,市区町村を入力,2017年当選者,54.3,2021年当選者,49.4,2024年当選者,46.8,政党名,0,0,-,-,90.2
東京都 22区,市区町村を入力,2017年当選者,52.2,2021年当選者,54.2,2024年当選者,48.8,政党名,0,0,-,-,91.7
東京都 23区,市区町村を入力,2017年当選者,49.2,2021年当選者,55.1,2024年当選者,46.3,政党名,0,0,-,-,90.2
東京都 24区,八王子市,萩生田光一,55.6,萩生田光一,56.1,萩生田光一,55.2,無所属,0,-30,萩生田光一,-,65.6
東京都 25区,市区町村を入力,2017年当選者,50.7,2021年当選者,50.9,2024年当選者,53.4,政党名,0,0,-,-,91.7
東京都 26区,市区町村を入力,2017年当選者,49.1,2021年当選者,52.8,2024年当選者,50.8,政党名,0,0,-,-,90.9
東京都 27区,市区町村を入力,2017年当選者,51.4,2021年当選者,53.9,2024年当選者,51.0,政党名,0,0,-,-,92.1
東京都 28区,市区町村を入力,2017年当選者,56.5,2021年当選者,52.2,2024年当選者,51.4,政党名,0,0,-,-,93.4
東京都 29区,市区町村を入力,2017年当選者,54.0,2021年当選者,53.4,2024年当選者,53.3,政党名,0,0,-,-,93.6
東京都 30区,市区町村を入力,2017年当選者,50.3,2021年当選者,54.1,2024年当選者,47.8,政党名,0,0,-,-,90.7
神奈川県 1区,市区町村を入力,2017年当選者,51.7,2021年当選者,50.6,2024年当選者,50.3,政党名,0,0,-,-,90.9
神奈川県 2区,市区町村を入力,2017年当選者,52.2,2021年当選者,52.2,2024年当選者,48.0,政党名,0,0,-,-,90.8
神奈川県 3区,市区町村を入力,2017年当選者,51.8,2021年当選者,51.5,2024年当選者,52.6,政党名,0,0,-,-,92.0
神奈川県 4区,市区町村を入力,2017年当選者,52.6,2021年当選者,49.1,2024年当選者,53.5,政党名,0,0,-,-,91.7
神奈川県 5区,市区町村を入力,2017年当選者,54.9,2021年当選者,51.7,2024年当選者,50.3,政党名,0,0,-,-,92.3
神奈川県 6区,市区町村を入力,2017年当選者,53.5,2021年当選者,54.9,2024年当選者,47.7,政党名,0,0,-,-,92.0
神奈川県 7区,市区町村を入力,2017年当選者,53.8,2021年当選者,49.4,2024年当選者,52.4,政党名,0,0,-,-,91.9
神奈川県 8区,市区町村を入力,2017年当選者,50.8,2021年当選者,51.0,2024年当選者,51.8,政党名,0,0,-,-,91.2
神奈川県 9区,市区町村を入力,2017年当選者,52.3,2021年当選者,52.2,2024年当選者,48.6,政党名,0,0,-,-,91.0
神奈川県 10区,市区町村を入力,2017年当選者,49.8,2021年当選者,53.1,2024年当選者,46.9,政党名,0,0,-,-,89.9
神奈川県 11区,横須賀市、三浦市,小泉進次郎,59.0,小泉進次郎,60.2,小泉進次郎,58.8,自由民主党,-15,0,-,-,84.3
神奈川県 12区,市区町村を入力,2017年当選者,48.4,2021年当選者,50.6,2024年当選者,46.9,政党名,0,0,-,-,88.6
神奈川県 13区,市区町村を入力,2017年当選者,53.7,2021年当選者,54.5,2024年当選者,52.1,政党名,0,0,-,-,93.4
神奈川県 14区,市区町村を入力,2017年当選者,53.1,2021年当選者,55.1,2024年当選者,48.8,政党名,0,0,-,-,92.3
神奈川県 15区,市区町村を入力,2017年当選者,50.0,2021年当選者,51.8,2024年当選者,48.2,政党名,0,0,-,-,90.0
神奈川県 16区,市区町村を入力,2017年当選者,53.2,2021年当選者,48.6,2024年当選者,52.8,政党名,0,0,-,-,91.5
神奈川県 17区,市区町村を入力,2017年当選者,53.8,2021年当選者,49.0,2024年当選者,50.7,政党名,0,0,-,-,91.2
神奈川県 18区,市区町村を入力,2017年当選者,49.1,2021年当選者,49.9,2024年当選者,51.8,政党名,0,0,-,-,90.3
神奈川県 19区,市区町村を入力,2017年当選者,51.2,2021年当選者,54.5,2024年当選者,48.5,政党名,0,0,-,-,91.4
神奈川県 20区,市区町村を入力,2017年当選者,46.7,2021年当選者,51.3,2024年当選者,50.5,政党名,0,0,-,-,89.5
